rowId,city_name,town_name,latitude,longitude,households,population,e_stat_code
1,岡山市中区,赤坂台,34.649225,133.938289,100,183,331020190
2,岡山市中区,赤坂本町,34.650656,133.937937,131,320,331020180
3,岡山市中区,赤坂南新町,34.646438,133.939558,53,135,331020200
4,岡山市中区,赤田,34.680085,133.962836,987,2067,331020670
5,岡山市中区,網浜,34.646945,133.937188,78,143,331020390
6,岡山市中区,今在家,34.692099,133.950258,915,2328,331020550
7,岡山市中区,今谷,34.669121,133.980711,72,310,331020720
8,岡山市中区,江崎,34.621693,133.960906,830,2349,331020330
9,岡山市中区,江並,34.610476,133.970576,1794,4450,331020340
10,岡山市中区,沖元,34.629745,133.984304,183,634,331020310
11,岡山市中区,奥市,34.657916,133.952879,19,102,331020360
12,岡山市中区,乙多見,34.680160,133.977610,1344,3167,331020630
13,岡山市中区,御成町,34.657993,133.944817,214,535,331020170
14,岡山市中区,雄町,34.685997,133.973702,1136,2678,331020540
15,岡山市中区,門田文化町一丁目,34.655390,133.948076,103,210,33102037001
16,岡山市中区,門田文化町二丁目,34.653036,133.947681,142,337,33102037002
17,岡山市中区,門田文化町三丁目,34.653113,133.951547,128,284,33102037003
18,岡山市中区,門田本町一丁目,34.651550,133.944815,98,247,33102038001
19,岡山市中区,門田本町二丁目,34.648108,133.943428,206,436,33102038002
20,岡山市中区,門田本町三丁目,34.649312,133.945307,87,207,33102038003
21,岡山市中区,門田本町四丁目,34.649170,133.948636,17,57,33102038004
22,岡山市中区,門田屋敷一丁目,34.657599,133.940415,360,768,33102015001
23,岡山市中区,門田屋敷二丁目,34.655364,133.940294,207,362,33102015002
24,岡山市中区,門田屋敷三丁目,34.653876,133.939880,165,390,33102015003
25,岡山市中区,門田屋敷四丁目,34.652789,133.939366,122,364,33102015004
26,岡山市中区,門田屋敷五丁目,34.656761,133.938279,44,76,33102015005
27,岡山市中区,門田屋敷本町,34.655477,133.937432,57,95,331020140
28,岡山市中区,兼基,34.669780,133.974133,868,1956,331020710
29,岡山市中区,祇園,34.704771,133.961209,535,1438,331020560
30,岡山市中区,旭東町一丁目,34.651700,133.934808,104,215,33102013001
31,岡山市中区,旭東町二丁目,34.651057,133.936222,100,197,33102013002
32,岡山市中区,旭東町三丁目,34.650481,133.934215,87,153,33102013003
33,岡山市中区,国富,34.666594,133.942302,747,1747,33102004000
34,岡山市中区,国富一丁目,34.663394,133.944956,290,641,33102004001
35,岡山市中区,国富二丁目,34.662790,133.948187,321,703,33102004002
36,岡山市中区,国富三丁目,34.663562,133.951466,167,370,33102004003
37,岡山市中区,国富四丁目,34.668064,133.946197,285,754,33102004004
38,岡山市中区,倉田,34.636348,133.960409,1223,2979,331020290
39,岡山市中区,倉富,34.642250,133.969532,792,1939,331020280
40,岡山市中区,倉益,34.643220,133.977536,587,1667,331020270
41,岡山市中区,桑野,34.621542,133.978571,951,2545,331020300
42,岡山市中区,神下,34.676350,133.984334,733,1524,331020620
43,岡山市中区,国府市場,34.691310,133.968747,1082,3090,331020520
44,岡山市中区,小橋町一丁目,34.659435,133.937271,189,401,33102008001
45,岡山市中区,小橋町二丁目,34.656915,133.936758,141,196,33102008002
46,岡山市中区,さい,34.680947,133.948779,686,1427,331020480
47,岡山市中区,さい東町一丁目,34.678017,133.951760,442,913,33102076001
48,岡山市中区,さい東町二丁目,34.681433,133.951767,289,624,33102076002
49,岡山市中区,さくら住座,34.651251,133.932352,173,230,331020110
50,岡山市中区,桜橋一丁目,34.645630,133.932707,66,92,33102040001
51,岡山市中区,桜橋二丁目,34.648744,133.933072,122,248,33102040002
52,岡山市中区,桜橋三丁目,34.647434,133.934927,134,242,33102040003
53,岡山市中区,桜橋四丁目,34.645141,133.936781,38,70,33102040004
54,岡山市中区,沢田,34.666672,133.963946,244,574,331020690
55,岡山市中区,四御神,34.695236,133.979487,2039,4907,331020640
56,岡山市中区,清水,34.682747,133.962925,540,1242,33102073000
57,岡山市中区,清水一丁目,34.679532,133.957262,386,693,33102073001
58,岡山市中区,清水二丁目,34.682329,133.956717,244,512,33102073002
59,岡山市中区,下,34.680266,133.997435,664,1625,331020590
60,岡山市中区,賞田,34.697491,133.960297,287,782,331020500
61,岡山市中区,新京橋一丁目,34.654634,133.935870,100,206,33102012001
62,岡山市中区,新京橋二丁目,34.654473,133.937191,42,83,33102012002
63,岡山市中区,新京橋三丁目,34.653092,133.936620,133,289,33102012003
64,岡山市中区,新築港,34.604142,133.981246,0,0,331020350
65,岡山市中区,住吉町一丁目,34.664236,133.940891,173,408,33102005001
66,岡山市中区,住吉町二丁目,34.665812,133.940187,106,250,33102005002
67,岡山市中区,関,34.679867,133.971436,2056,5064,331020660
68,岡山市中区,高島一丁目,34.685068,133.949843,196,299,33102075001
69,岡山市中区,高島二丁目,34.683698,133.953545,651,916,33102075002
70,岡山市中区,高島新屋敷,34.686976,133.954686,1156,2701,331020570
71,岡山市中区,高屋,34.675298,133.965034,1416,3200,331020700
72,岡山市中区,竹田,34.682970,133.939165,643,1040,331020440
73,岡山市中区,中納言町,34.659072,133.938984,275,530,331020090
74,岡山市中区,土田,34.701974,133.981433,1059,2434,331020650
75,岡山市中区,徳吉町一丁目,34.659731,133.941973,67,180,33102016001
76,岡山市中区,徳吉町二丁目,34.657721,133.942554,150,356,33102016002
77,岡山市中区,中井,34.688489,133.961325,404,987,331020532
78,岡山市中区,中井一丁目,34.684638,133.960788,414,753,33102053101
79,岡山市中区,中井二丁目,34.687261,133.960719,262,637,33102053102
80,岡山市中区,中井三丁目,34.687113,133.964582,374,908,33102053103
81,岡山市中区,中井四丁目,34.684825,133.964767,383,712,33102053104
82,岡山市中区,長岡,34.682074,133.985082,1623,2758,331020580
83,岡山市中区,中島,34.688206,133.943611,609,1258,331020470
84,岡山市中区,長利,34.674964,133.999478,123,370,331020600
85,岡山市中区,西川原,34.678888,133.939027,1366,2575,33102046000
86,岡山市中区,西川原一丁目,34.677094,133.935849,756,1241,33102046001
87,岡山市中区,西中島町,34.657126,133.933579,50,88,331020030
88,岡山市中区,浜,34.672974,133.941218,584,1209,33102043000
89,岡山市中区,浜一丁目,34.673330,133.935519,1048,1654,33102043001
90,岡山市中区,浜二丁目,34.670256,133.936468,231,448,33102043002
91,岡山市中区,浜三丁目,34.669520,133.941973,905,1959,33102043003
92,岡山市中区,原尾島,34.669375,133.956201,458,1040,33102042000
93,岡山市中区,原尾島一丁目,34.673292,133.949270,500,1177,33102042001
94,岡山市中区,原尾島二丁目,34.671629,133.952846,632,1287,33102042002
95,岡山市中区,原尾島三丁目,34.669589,133.947575,496,962,33102042003
96,岡山市中区,原尾島四丁目,34.665364,133.955410,513,1081,33102042004
97,岡山市中区,東川原,34.676801,133.945704,1047,2391,331020450
98,岡山市中区,東中島町,34.657438,133.935077,75,152,331020020
99,岡山市中区,東山一丁目,34.655788,133.945194,86,185,33102021001
100,岡山市中区,東山二丁目,34.653986,133.943154,232,481,33102021002
101,岡山市中区,東山三丁目,34.650898,133.941180,212,434,33102021003
102,岡山市中区,東山四丁目,34.647380,133.941002,150,280,33102021004
103,岡山市中区,平井,34.628158,133.951926,820,1799,33102041000
104,岡山市中区,平井一丁目,34.643027,133.940993,435,799,33102041001
105,岡山市中区,平井二丁目,34.644285,133.947214,267,583,33102041002
106,岡山市中区,平井三丁目,34.637326,133.950468,927,2200,33102041003
107,岡山市中区,平井四丁目,34.638852,133.946736,429,905,33102041004
108,岡山市中区,平井五丁目,34.639501,133.941956,492,1170,33102041005
109,岡山市中区,平井六丁目,34.637390,133.939844,637,1102,33102041006
110,岡山市中区,平井七丁目,34.632991,133.947861,790,1563,33102041007
111,岡山市中区,福泊,34.654851,133.978077,1465,3543,331020230
112,岡山市中区,藤崎,34.620687,133.971433,1793,4967,331020320
113,岡山市中区,藤原,34.674672,133.959115,139,323,331020680
114,岡山市中区,藤原西町一丁目,34.674079,133.956325,413,912,33102078001
115,岡山市中区,藤原西町二丁目,34.676468,133.956747,308,706,33102078002
116,岡山市中区,藤原光町一丁目,34.676835,133.953784,160,344,33102077001
117,岡山市中区,藤原光町二丁目,34.678810,133.954533,159,382,33102077002
118,岡山市中区,藤原光町三丁目,34.681056,133.954737,145,320,33102077003
119,岡山市中区,古京町一丁目,34.661878,133.939315,241,572,33102006001
120,岡山市中区,古京町二丁目,34.660549,133.943958,41,100,33102006002
121,岡山市中区,円山,34.657619,133.967337,1175,2641,331020260
122,岡山市中区,湊,34.647256,133.956021,2798,6781,331020220
123,岡山市中区,御幸町,34.653466,133.933640,64,106,331020100
124,岡山市中区,海吉,34.658221,133.985021,1961,5060,331020240
125,岡山市中区,森下町,34.662875,133.942146,281,642,331020070
126,岡山市中区,八幡,34.685438,133.947525,395,1010,331020490
127,岡山市中区,八幡東町,34.687676,133.949825,156,332,331020740
128,岡山市中区,山崎,34.651013,133.972326,1673,4092,331020250
129,岡山市中区,湯迫,34.698732,133.969914,160,525,331020510
130,岡山市中区,米田,34.673322,133.990755,319,840,331020610
131,岡山市東区,浅川,34.706635,134.070677,202,634,331030760
132,岡山市東区,浅越,34.663995,134.028532,381,927,331030340
133,岡山市東区,犬島,34.563348,134.101474,22,36,331030710
134,岡山市東区,内ケ原,34.694563,134.074697,49,135,331030810
135,岡山市東区,浦間,34.715784,134.063542,121,308,331030920
136,岡山市東区,大多羅町,34.665311,134.005502,439,1092,331030080
137,岡山市東区,邑久郷,34.627589,134.073415,369,1033,331030530
138,岡山市東区,乙子,34.628868,134.040524,79,217,331030510
139,岡山市東区,可知一丁目,34.660340,134.001203,126,313,33103010001
140,岡山市東区,可知二丁目,34.656469,134.001465,298,606,33103010002
141,岡山市東区,可知三丁目,34.659957,134.003888,301,698,33103010003
142,岡山市東区,可知四丁目,34.656700,134.004122,508,1068,33103010004
143,岡山市東区,可知五丁目,34.660056,134.007873,500,1238,33103010005
144,岡山市東区,金岡西町,34.641358,134.022514,735,1838,331030420
145,岡山市東区,金岡東町一丁目,34.646308,134.028576,366,985,33103040001
146,岡山市東区,金岡東町二丁目,34.639344,134.027556,426,942,33103040002
147,岡山市東区,金岡東町三丁目,34.631224,134.028681,210,507,33103040003
148,岡山市東区,金田,34.634349,134.018320,520,1388,331030190
149,岡山市東区,上阿知,34.624683,134.106119,61,161,331030630
150,岡山市東区,神崎町,34.631102,134.051494,487,1227,331030520
151,岡山市東区,北幸田,34.623069,134.062136,78,240,331030570
152,岡山市東区,君津,34.631765,134.009541,305,839,331030150
153,岡山市東区,久々井,34.587361,134.084390,95,236,331030700
154,岡山市東区,草ケ部,34.716612,134.028686,331,795,331030860
155,岡山市東区,九蟠,34.615474,134.028305,310,712,331030180
156,岡山市東区,久保,34.665248,134.047807,269,699,331030230
157,岡山市東区,鉄,34.697992,134.009574,392,788,331030050
158,岡山市東区,幸地崎町,34.618444,134.080179,51,154,331030600
159,岡山市東区,光津,34.636998,133.991280,270,772,331030130
160,岡山市東区,河本町,34.661584,134.050165,123,283,331030240
161,岡山市東区,古都宿,34.697222,133.998898,326,829,331030030
162,岡山市東区,古都南方,34.685031,134.022035,497,1369,331030060
163,岡山市東区,才崎,34.692218,134.066316,38,115,331030800
164,岡山市東区,西大寺,34.662163,134.041346,79,183,331030250
165,岡山市東区,西大寺射越,34.655859,134.054799,293,775,331030430
166,岡山市東区,西大寺一宮,34.606897,134.103079,61,155,331030650
167,岡山市東区,西大寺金岡,34.632037,134.026049,46,100,331030410
168,岡山市東区,西大寺上一丁目,34.659129,134.031680,219,558,33103027001
169,岡山市東区,西大寺上二丁目,34.659809,134.035465,326,621,33103027002
170,岡山市東区,西大寺上三丁目,34.659542,134.038732,195,351,33103027003
171,岡山市東区,西大寺川口,34.649004,134.048178,277,716,331030460
172,岡山市東区,西大寺北,34.663048,134.037089,56,186,331030260
173,岡山市東区,西大寺五明,34.640619,134.053532,83,233,331030490
174,岡山市東区,西大寺新,34.638749,134.038305,218,503,331030480
175,岡山市東区,西大寺新地,34.648598,134.053500,300,632,331030440
176,岡山市東区,西大寺中一丁目,34.653582,134.033812,233,485,33103028001
177,岡山市東区,西大寺中二丁目,34.655836,134.033885,261,616,33103028002
178,岡山市東区,西大寺中三丁目,34.653831,134.037731,228,526,33103028003
179,岡山市東区,西大寺中野,34.654369,134.023939,1567,3890,331030330
180,岡山市東区,西大寺中野本町,34.654524,134.029343,306,805,331030320
181,岡山市東区,西大寺浜,34.645898,134.042347,508,1416,331030470
182,岡山市東区,西大寺東一丁目,34.658295,134.041064,123,255,33103030001
183,岡山市東区,西大寺東二丁目,34.657754,134.044262,212,444,33103030002
184,岡山市東区,西大寺東三丁目,34.658723,134.048362,137,336,33103030003
185,岡山市東区,西大寺松崎,34.663970,134.013012,1150,2676,331030380
186,岡山市東区,西大寺南一丁目,34.651377,134.029281,5,12,33103029001
187,岡山市東区,西大寺南二丁目,34.650883,134.032773,189,470,33103029002
188,岡山市東区,西大寺門前,34.646931,134.060323,53,147,331030450
189,岡山市東区,西隆寺,34.674394,134.053648,94,294,331030200
190,岡山市東区,宍甘,34.690875,133.993443,501,912,331030010
191,岡山市東区,下阿知,34.628269,134.095759,85,341,331030620
192,岡山市東区,宿毛,34.623023,134.085052,169,546,331030610
193,岡山市東区,上道北方,34.699714,134.016331,286,532,331030830
194,岡山市東区,城東台西一丁目,34.693135,134.019418,154,385,33103093001
195,岡山市東区,城東台西二丁目,34.694226,134.022480,143,345,33103093002
196,岡山市東区,城東台西三丁目,34.692385,134.024566,224,584,33103093003
197,岡山市東区,城東台東一丁目,34.695570,134.026790,195,503,33103094001
198,岡山市東区,城東台東二丁目,34.696459,134.029481,170,463,33103094002
199,岡山市東区,城東台南一丁目,34.693013,134.028104,194,529,33103095001
200,岡山市東区,城東台南二丁目,34.695368,134.030948,155,433,33103095002
201,岡山市東区,水門町,34.614651,134.061882,121,311,331030560
202,岡山市東区,砂場,34.717459,134.041396,25,75,331030890
203,岡山市東区,西祖,34.712485,134.076277,80,228,331030740
204,岡山市東区,瀬戸町旭ヶ丘一丁目,34.724261,134.052696,180,411,33103112001
205,岡山市東区,瀬戸町旭ヶ丘二丁目,34.726375,134.051598,170,418,33103112002
206,岡山市東区,瀬戸町旭ヶ丘三丁目,34.725161,134.049891,174,447,33103112003
207,岡山市東区,瀬戸町旭ヶ丘四丁目,34.724879,134.047387,147,306,33103112004
208,岡山市東区,瀬戸町江尻,34.729201,134.052543,624,1405,331031110
209,岡山市東区,瀬戸町大内,34.734502,134.094679,116,276,331031140
210,岡山市東区,瀬戸町沖,34.721344,134.044517,644,1250,331031010
211,岡山市東区,瀬戸町鍛冶屋,34.771353,134.068780,97,262,331031050
212,岡山市東区,瀬戸町肩脊,34.729247,134.071401,113,294,331031130
213,岡山市東区,瀬戸町観音寺,34.724357,134.009550,95,277,331031160
214,岡山市東区,瀬戸町菊山,34.710769,134.018341,45,157,331031180
215,岡山市東区,瀬戸町光明谷,34.740428,134.042850,263,581,331030980
216,岡山市東区,瀬戸町坂根,34.741812,134.063417,44,184,331031080
217,岡山市東区,瀬戸町笹岡,34.730479,134.025816,116,452,331031150
218,岡山市東区,瀬戸町塩納,34.761521,134.056800,66,185,331031060
219,岡山市東区,瀬戸町下,34.730545,134.042421,1169,2747,331031000
220,岡山市東区,瀬戸町宿奥,34.715183,134.004188,38,108,331031170
221,岡山市東区,瀬戸町瀬戸,34.738290,134.037253,928,2153,331030990
222,岡山市東区,瀬戸町宗堂,34.752727,134.062752,90,277,331031070
223,岡山市東区,瀬戸町大井,34.768660,134.075857,58,150,331031040
224,岡山市東区,瀬戸町寺地,34.743056,134.049575,213,522,331030970
225,岡山市東区,瀬戸町二日市,34.759543,134.087289,75,182,331031020
226,岡山市東区,瀬戸町万富,34.767293,134.082422,849,1920,331031030
227,岡山市東区,瀬戸町南方,34.746871,134.080645,112,264,331031090
228,岡山市東区,瀬戸町森末,34.749203,134.054399,84,170,331030960
229,岡山市東区,瀬戸町弓削,34.752917,134.104584,95,229,331031100
230,岡山市東区,千手,34.620939,134.112136,3,8,331030640
231,岡山市東区,竹原,34.689537,134.052915,230,557,331030790
232,岡山市東区,谷尻,34.725518,134.034698,55,135,331030870
233,岡山市東区,寺山,34.703098,134.078654,63,166,331030750
234,岡山市東区,富崎,34.669910,134.037905,102,231,331030220
235,岡山市東区,豊田,34.616957,134.015880,232,663,331030170
236,岡山市東区,中尾,34.702558,134.024238,611,1865,331030850
237,岡山市東区,中川町,34.665583,133.995003,833,2190,331030090
238,岡山市東区,長沼,34.641477,134.067597,129,368,331030500
239,岡山市東区,楢原,34.701484,134.061890,479,933,331030780
240,岡山市東区,西片岡,34.597776,134.078878,99,269,331030680
241,岡山市東区,西幸西,34.611561,134.045555,159,442,331030540
242,岡山市東区,西庄,34.673936,134.024750,59,140,331030360
243,岡山市東区,西平島,34.712144,134.044502,62,164,331030900
244,岡山市東区,沼,34.701800,134.037666,175,459,331030840
245,岡山市東区,東片岡,34.604281,134.091143,155,404,331030670
246,岡山市東区,東幸西,34.615714,134.051825,216,549,331030550
247,岡山市東区,東幸崎,34.613744,134.081860,62,178,331030590
248,岡山市東区,東平島,34.712208,134.051470,1214,2871,331030880
249,岡山市東区,一日市,34.714942,134.081941,50,155,331030730
250,岡山市東区,広谷,34.660887,134.017788,949,2388,331030370
251,岡山市東区,福治,34.677972,134.040329,102,265,331030210
252,岡山市東区,藤井,34.696493,134.004436,348,748,331030040
253,岡山市東区,富士見町,34.659336,134.012294,213,480,331030390
254,岡山市東区,宝伝,34.590660,134.099089,113,310,331030660
255,岡山市東区,正儀,34.593658,134.063282,149,372,331030690
256,岡山市東区,政津,34.636510,134.001708,380,1098,331030140
257,岡山市東区,升田,34.619092,133.999835,233,627,331030160
258,岡山市東区,益野町,34.653771,133.995797,1468,3685,331030110
259,岡山市東区,松新町,34.651454,134.005874,1305,3371,331030120
260,岡山市東区,南古都,34.701647,134.049187,649,1609,331030910
261,岡山市東区,南水門町,34.608694,134.070992,82,197,331030580
262,岡山市東区,向州,34.654257,134.041085,0,0,331030310
263,岡山市東区,目黒町,34.672099,134.007835,610,1848,331030070
264,岡山市東区,百枝月,34.681107,134.068424,88,227,331030820
265,岡山市東区,矢井,34.707139,134.061010,46,109,331030770
266,岡山市東区,矢津,34.707447,133.990638,45,244,331030020
267,岡山市東区,吉井,34.719083,134.090289,41,127,331030720
268,岡山市東区,吉原,34.672496,134.031585,51,273,331030350
269,岡山市南区,青江,34.628281,133.920567,14,22,331040080
270,岡山市南区,飽浦,34.578017,133.978319,150,420,331040300
271,岡山市南区,あけぼの町,34.606950,133.940854,313,812,331040240
272,岡山市南区,阿津,34.586775,134.013231,173,404,331040320
273,岡山市南区,泉田,34.626721,133.909658,804,1933,331040062
274,岡山市南区,泉田一丁目,34.627494,133.916359,453,980,33104006101
275,岡山市南区,泉田二丁目,34.626946,133.920930,203,382,33104006102
276,岡山市南区,泉田三丁目,34.625146,133.920421,355,875,33104006103
277,岡山市南区,泉田四丁目,34.624767,133.915958,494,1459,33104006104
278,岡山市南区,泉田五丁目,34.624538,133.912254,149,379,33104006105
279,岡山市南区,植松,34.549754,133.824549,853,2124,331040690
280,岡山市南区,内尾,34.598739,133.856574,977,2782,331040580
281,岡山市南区,浦安西町,34.607519,133.912523,665,1849,331040250
282,岡山市南区,浦安本町,34.607766,133.924479,1143,3700,331040260
283,岡山市南区,浦安南町,34.593327,133.923520,993,2666,331040270
284,岡山市南区,大福,34.619793,133.881512,2968,7708,331040490
285,岡山市南区,奥迫川,34.525469,133.866767,47,114,331040630
286,岡山市南区,海岸通一丁目,34.604940,133.961958,0,0,33104019001
287,岡山市南区,海岸通二丁目,34.603922,133.956172,141,361,33104019002
288,岡山市南区,片岡,34.544106,133.865331,316,843,331040660
289,岡山市南区,川張,34.549620,133.858395,377,1097,331040670
290,岡山市南区,北浦,34.587113,133.968176,151,597,331040290
291,岡山市南区,北七区,34.563428,133.917597,159,497,331040720
292,岡山市南区,郡,34.573357,133.964175,1309,3328,331040280
293,岡山市南区,小串,34.585493,134.030960,326,794,331040330
294,岡山市南区,古新田,34.628302,133.876533,462,1473,331040500
295,岡山市南区,市場一丁目,34.601397,133.946386,0,0,33104048001
296,岡山市南区,市場二丁目,34.602967,133.944287,0,0,33104048002
297,岡山市南区,下中野,34.639798,133.909807,416,703,331040070
298,岡山市南区,新福一丁目,34.629319,133.932471,543,1097,33104038001
299,岡山市南区,新福二丁目,34.627202,133.935973,269,464,33104038002
300,岡山市南区,新保,34.633426,133.910958,3850,7474,331040050
301,岡山市南区,洲崎一丁目,34.625348,133.946226,275,530,33104042001
302,岡山市南区,洲崎二丁目,34.623377,133.946201,367,812,33104042002
303,岡山市南区,洲崎三丁目,34.621707,133.947408,393,971,33104042003
304,岡山市南区,妹尾,34.617798,133.865757,3620,9064,331040530
305,岡山市南区,妹尾崎,34.632452,133.853933,121,359,331040510
306,岡山市南区,宗津,34.539636,133.872135,343,929,331040650
307,岡山市南区,曾根,34.568254,133.846924,553,1723,331040560
308,岡山市南区,立川町,34.608425,133.946968,167,405,331040200
309,岡山市南区,築港栄町,34.605830,133.944947,536,1283,33104021000
310,岡山市南区,築港新町一丁目,34.605905,133.938971,299,713,33104023001
311,岡山市南区,築港新町二丁目,34.602571,133.936390,533,1200,33104023002
312,岡山市南区,築港ひかり町,34.600978,133.938880,273,687,331040450
313,岡山市南区,築港緑町一丁目,34.604389,133.932583,274,683,33104046001
314,岡山市南区,築港緑町二丁目,34.596046,133.935273,244,618,33104046002
315,岡山市南区,築港緑町三丁目,34.598145,133.935435,221,578,33104046003
316,岡山市南区,築港元町,34.603017,133.951691,49,135,331040220
317,岡山市南区,千鳥町,34.613084,133.946449,527,1126,331040130
318,岡山市南区,当新田,34.623399,133.898263,1835,4303,331040030
319,岡山市南区,富浜町,34.625368,133.942844,131,160,331040410
320,岡山市南区,豊成一丁目,34.632268,133.928912,983,1775,33104009001
321,岡山市南区,豊成二丁目,34.628784,133.927676,384,669,33104009002
322,岡山市南区,豊成三丁目,34.625957,133.926753,1074,2175,33104009003
323,岡山市南区,豊浜町,34.632594,133.934001,504,925,331040390
324,岡山市南区,中畦,34.584444,133.856656,550,1639,331040570
325,岡山市南区,並木町一丁目,34.609379,133.944720,205,438,33104015001
326,岡山市南区,並木町二丁目,34.610183,133.941139,359,835,33104015002
327,岡山市南区,南輝一丁目,34.611436,133.935707,400,897,33104047001
328,岡山市南区,南輝二丁目,34.609055,133.934544,796,1785,33104047002
329,岡山市南区,南輝三丁目,34.606486,133.933421,340,832,33104047003
330,岡山市南区,西市,34.632338,133.899610,2614,5304,331040040
331,岡山市南区,西畦,34.561341,133.833665,114,325,331040550
332,岡山市南区,西紅陽台一丁目,34.552921,133.884326,300,768,33104073001
333,岡山市南区,西紅陽台二丁目,34.548923,133.886983,258,635,33104073002
334,岡山市南区,西紅陽台三丁目,34.544422,133.890673,134,339,33104073003
335,岡山市南区,西高崎,34.549773,133.877593,710,1968,331040700
336,岡山市南区,西七区,34.551248,133.900088,291,836,331040710
337,岡山市南区,迫川,34.534457,133.880008,618,1628,331040640
338,岡山市南区,浜野一丁目,34.634356,133.936704,269,535,33104040001
339,岡山市南区,浜野二丁目,34.630124,133.937494,565,1157,33104040002
340,岡山市南区,浜野三丁目,34.630877,133.941536,608,1376,33104040003
341,岡山市南区,浜野四丁目,34.627661,133.943167,378,789,33104040004
342,岡山市南区,東畦,34.606850,133.880155,2818,7362,331040590
343,岡山市南区,彦崎,34.547684,133.838205,1152,3260,331040680
344,岡山市南区,平福一丁目,34.619401,133.948582,250,602,33104043001
345,岡山市南区,平福二丁目,34.617455,133.950213,342,828,33104043002
346,岡山市南区,福島一丁目,34.621131,133.951858,243,601,33104044001
347,岡山市南区,福島二丁目,34.617087,133.955113,467,1121,33104044002
348,岡山市南区,福島三丁目,34.614067,133.953128,475,1156,33104044003
349,岡山市南区,福島四丁目,34.612770,133.957441,351,840,33104044004
350,岡山市南区,福田,34.618638,133.924677,2409,6138,331040100
351,岡山市南区,福富中一丁目,34.624451,133.936727,592,1358,33104035001
352,岡山市南区,福富中二丁目,34.620648,133.936052,600,1461,33104035002
353,岡山市南区,福富西一丁目,34.624995,133.932302,714,1420,33104036001
354,岡山市南区,福富西二丁目,34.621689,133.931921,849,1704,33104036002
355,岡山市南区,福富西三丁目,34.623039,133.927590,324,725,33104036003
356,岡山市南区,福富東一丁目,34.623396,133.940288,173,376,33104034001
357,岡山市南区,福富東二丁目,34.620184,133.939803,752,1701,33104034002
358,岡山市南区,福成一丁目,34.615882,133.933592,630,1474,33104011001
359,岡山市南区,福成二丁目,34.616268,133.938359,365,800,33104011002
360,岡山市南区,福成三丁目,34.613525,133.936903,338,683,33104011003
361,岡山市南区,福浜町,34.618636,133.944098,374,840,331040180
362,岡山市南区,福浜西町,34.619950,133.942055,87,149,331040370
363,岡山市南区,福吉町,34.612356,133.950999,503,1185,331040160
364,岡山市南区,藤田,34.583332,133.889379,4769,12679,331040600
365,岡山市南区,芳泉一丁目,34.619106,133.908694,469,761,33104074001
366,岡山市南区,芳泉二丁目,34.621714,133.911167,634,1395,33104074002
367,岡山市南区,芳泉三丁目,34.621891,133.916834,261,696,33104074003
368,岡山市南区,芳泉四丁目,34.622316,133.921341,671,1689,33104074004
369,岡山市南区,松浜町,34.612842,133.941585,275,541,331040120
370,岡山市南区,万倍,34.626500,133.901488,1003,2216,331040010
371,岡山市南区,箕島,34.611348,133.846579,2023,5762,331040540
372,岡山市南区,三浜町一丁目,34.616025,133.947444,198,442,33104017001
373,岡山市南区,三浜町二丁目,34.615797,133.943463,279,617,33104017002
374,岡山市南区,宮浦,34.586881,133.992700,185,500,331040310
375,岡山市南区,山田,34.626589,133.855075,415,1308,331040520
376,岡山市南区,米倉,34.628756,133.892862,493,1086,331040020
377,岡山市南区,若葉町,34.611280,133.946238,462,1019,331040140
378,玉野市,宇藤木,34.529063,133.891147,252,587,332049170
379,玉野市,宇野一丁目,34.490719,133.947339,188,417,33204301001
380,玉野市,宇野二丁目,34.489973,133.941992,299,725,33204301002
381,玉野市,宇野三丁目,34.485698,133.944204,347,672,33204301003
382,玉野市,宇野四丁目,34.484139,133.938316,318,558,33204301004
383,玉野市,宇野五丁目,34.489203,133.937238,136,289,33204301005
384,玉野市,宇野六丁目,34.498496,133.929507,1,3,33204301006
385,玉野市,宇野七丁目,34.494710,133.937949,393,881,33204301007
386,玉野市,宇野八丁目,34.496196,133.943799,365,821,33204301008
387,玉野市,羽根崎町,34.461238,133.924080,104,216,332048000
388,玉野市,永井,34.479660,133.871599,45,127,332049230
389,玉野市,奥玉一丁目,34.488496,133.923450,241,495,33204501001
390,玉野市,奥玉二丁目,34.484613,133.920653,310,626,33204501002
391,玉野市,奥玉三丁目,34.488969,133.917149,153,316,33204501003
392,玉野市,下山坂,34.559549,134.014879,67,156,332049330
393,玉野市,梶岡,34.557332,134.002126,204,617,332049310
394,玉野市,胸上,34.550528,134.010688,284,621,332049320
395,玉野市,玉一丁目,34.483384,133.934461,129,243,33204401001
396,玉野市,玉二丁目,34.481142,133.933064,224,493,33204401002
397,玉野市,玉三丁目,34.469802,133.935008,29,68,33204401003
398,玉野市,玉四丁目,34.479371,133.929950,202,397,33204401004
399,玉野市,玉五丁目,34.479753,133.923248,109,217,33204401005
400,玉野市,玉六丁目,34.493936,133.920768,339,656,33204401006
401,玉野市,玉原一丁目,34.490518,133.910612,262,552,33204601001
402,玉野市,玉原二丁目,34.479912,133.912926,1200,2510,33204601002
403,玉野市,玉原三丁目,34.477148,133.907340,0,0,33204601003
404,玉野市,後閑,34.536341,133.979007,325,750,332049080
405,玉野市,御崎一丁目,34.463653,133.926569,88,204,33204711001
406,玉野市,御崎二丁目,34.459928,133.928835,503,1168,33204711002
407,玉野市,向日比一丁目,34.460140,133.932498,191,405,33204721001
408,玉野市,向日比二丁目,34.454877,133.932255,108,238,33204721002
409,玉野市,広岡,34.501897,133.883704,79,207,332049210
410,玉野市,山田,34.546007,133.983554,643,1720,332049050
411,玉野市,渋川一丁目,34.458149,133.908267,102,298,33204901001
412,玉野市,渋川二丁目,34.456913,133.904826,98,221,33204901002
413,玉野市,渋川三丁目,34.460369,133.898038,74,157,33204901003
414,玉野市,渋川四丁目,34.463035,133.891296,3,3,33204901004
415,玉野市,小島地,34.515663,133.874826,69,173,332049200
416,玉野市,沼,34.523973,133.997449,51,125,332049070
417,玉野市,上山坂,34.569528,133.995574,73,291,332049340
418,玉野市,深井町,34.457469,133.938336,32,161,332047300
419,玉野市,西田井地,34.555708,133.983637,239,664,332049290
420,玉野市,石島,34.501057,134.015172,23,54,332049370
421,玉野市,大藪,34.534256,133.964781,74,165,332049090
422,玉野市,滝,34.488276,133.878750,195,489,332049220
423,玉野市,築港一丁目,34.494806,133.952047,217,497,33204201001
424,玉野市,築港二丁目,34.497675,133.950492,545,1006,33204201002
425,玉野市,築港三丁目,34.501249,133.945816,261,568,33204201003
426,玉野市,築港四丁目,34.502120,133.954849,458,919,33204201004
427,玉野市,築港五丁目,34.496283,133.959406,100,289,33204201005
428,玉野市,長尾,34.487135,133.892337,1624,4216,332049240
429,玉野市,槌ケ原,34.518324,133.911371,949,2385,332049260
430,玉野市,田井一丁目,34.509319,133.951062,347,806,33204101001
431,玉野市,田井二丁目,34.511346,133.933623,364,833,33204101002
432,玉野市,田井三丁目,34.515164,133.950767,654,1553,33204101003
433,玉野市,田井四丁目,34.523294,133.940878,746,1635,33204101004
434,玉野市,田井五丁目,34.524766,133.955976,940,2262,33204101005
435,玉野市,田井六丁目,34.510459,133.957757,97,207,33204101006
436,玉野市,東紅陽台一丁目,34.540684,133.893880,240,586,33204927001
437,玉野市,東紅陽台二丁目,34.537496,133.896676,219,545,33204927002
438,玉野市,東高崎,34.536559,133.894394,347,950,332049160
439,玉野市,東七区,34.547689,133.929997,84,256,332049150
440,玉野市,東田井地,34.558935,133.991671,133,296,332049300
441,玉野市,東野崎,34.540300,133.995182,0,0,332049060
442,玉野市,南七区,34.536982,133.915363,82,225,332049380
443,玉野市,日比一丁目,34.460299,133.919902,118,215,33204821001
444,玉野市,日比二丁目,34.458485,133.917640,32,56,33204821002
445,玉野市,日比三丁目,34.457538,133.922832,80,157,33204821003
446,玉野市,日比四丁目,34.455904,133.923573,82,192,33204821004
447,玉野市,日比五丁目,34.438524,133.924089,85,196,33204821005
448,玉野市,日比六丁目,34.456579,133.914255,18,36,33204821006
449,玉野市,日比七丁目,34.469811,133.902098,1,2,33204821007
450,玉野市,迫間,34.503455,133.901055,991,2682,332049250
451,玉野市,八浜町見石,34.563999,133.951522,318,808,332049130
452,玉野市,八浜町大崎,34.531957,133.930178,720,1753,332049100
453,玉野市,八浜町波知,34.550962,133.959584,411,1122,332049120
454,玉野市,八浜町八浜,34.541433,133.946483,474,1189,332049110
455,玉野市,番田,34.565764,134.026414,278,677,332049360
456,玉野市,北方,34.569459,134.014757,137,361,332049350
457,玉野市,明神町,34.458879,133.925262,179,396,332048100
458,玉野市,木目,34.512404,133.883237,268,795,332049190
459,玉野市,用吉,34.520435,133.893910,452,1272,332049180
460,玉野市,和田一丁目,34.472993,133.924117,230,522,33204701001
461,玉野市,和田二丁目,34.467622,133.928294,199,410,33204701002
462,玉野市,和田三丁目,34.465431,133.921612,518,1126,33204701003
463,玉野市,和田四丁目,34.467850,133.917869,140,335,33204701004
464,玉野市,和田五丁目,34.469223,133.920762,151,398,33204701005
465,玉野市,和田六丁目,34.472119,133.918728,507,763,33204701006
466,玉野市,和田七丁目,34.468658,133.912504,123,278,33204701007
467,瀬戸内市,牛窓町牛窓,34.617444,134.146061,220,509,33212087001
468,瀬戸内市,牛窓町鹿忍,34.612317,134.134269,112,273,33212088005
469,瀬戸内市,牛窓町千手,34.611547,134.116393,80,198,332120900
470,瀬戸内市,牛窓町長浜,34.649072,134.145005,85,220,33212089001
471,瀬戸内市,邑久町大窪宮ノ本，小山,34.656471,134.082907,167,510,33212042043
472,瀬戸内市,邑久町大富上沖田,34.659568,134.074216,96,308,33212024025
473,瀬戸内市,邑久町尾張,34.667360,134.088455,71,153,33212001003
474,瀬戸内市,邑久町上笠加明治，中，西,34.687871,134.102801,68,187,33212062062
475,瀬戸内市,邑久町上山田辻，池ノ内,34.639416,134.117886,35,96,33212052053
476,瀬戸内市,邑久町北池,34.681012,134.111068,43,142,332120670
477,瀬戸内市,邑久町北島上寺，東谷,34.652549,134.063960,133,340,33212032034
478,瀬戸内市,邑久町下笠加下笠加東,34.681084,134.097890,93,331,33212064064
479,瀬戸内市,邑久町下山田舟原東，舟原西，幸田木,34.647420,134.106824,80,206,33212056056
480,瀬戸内市,邑久町庄田庄田東，西,34.673152,134.163242,42,143,33212077077
481,瀬戸内市,邑久町尻海大土井,34.664887,134.143127,39,107,33212069076
482,瀬戸内市,邑久町宗三,34.666273,134.078883,63,183,332120200
483,瀬戸内市,邑久町豊原潤徳,34.660373,134.088159,138,383,33212038041
484,瀬戸内市,邑久町豊安豊安下,34.655710,134.095050,170,541,33212013014
485,瀬戸内市,邑久町東谷,34.640999,134.078900,16,37,332120370
486,瀬戸内市,邑久町福谷下寺,34.681254,134.196538,62,150,33212081083
487,瀬戸内市,邑久町福中山根東，山根西，久志良,34.670815,134.070907,63,285,33212021021
488,瀬戸内市,邑久町福元,34.672761,134.088125,79,198,33212018028
489,瀬戸内市,邑久町福山下村一，下村二，本村,34.662412,134.058228,63,158,33212028029
490,瀬戸内市,邑久町本庄西ノ谷，下浦，夢ノ郷,34.658404,134.116768,70,183,33212045048
491,瀬戸内市,邑久町豆田八丁,34.692847,134.087435,99,177,33212015015
492,瀬戸内市,邑久町箕輪,34.687985,134.092629,87,282,332120660
493,瀬戸内市,邑久町向山向山中，今城団地,34.658613,134.065390,108,328,33212030031
494,瀬戸内市,邑久町百田,34.665618,134.084499,162,457,332120190
495,瀬戸内市,邑久町山田庄,34.671152,134.094240,181,481,33212010013
496,瀬戸内市,邑久町山手山手西，東,34.670317,134.106705,67,181,33212008008
497,瀬戸内市,長船町飯井,34.688616,134.150959,57,131,33212099005
498,瀬戸内市,長船町磯上,34.702613,134.132554,102,248,33212097005
499,瀬戸内市,長船町牛文,34.694624,134.128043,67,189,33212098001
500,瀬戸内市,長船町長船,34.722985,134.106334,122,322,33212091002
501,瀬戸内市,長船町西須恵,34.680221,134.135574,78,194,33212101004
502,瀬戸内市,長船町土師,34.702167,134.104338,468,965,33212095001
503,瀬戸内市,長船町服部,34.706769,134.100296,216,613,33212093007
504,瀬戸内市,長船町東須恵,34.683287,134.145021,41,106,33212100002
505,瀬戸内市,長船町福岡,34.701878,134.098129,304,752,33212094004
506,瀬戸内市,長船町福里,34.699553,134.115843,56,159,33212096004
507,瀬戸内市,長船町八日市八日市下,34.712293,134.096012,107,310,33212092003
508,瀬戸内市,邑久町虫明,34.682088,134.254674,99,133,33212086099
509,岡山市南区,奥迫川,34.534196,133.854201,0,0,331040620
510,岡山市南区,築港栄町,34.597503,133.943830,46,87,33104021099
511,瀬戸内市,牛窓町牛窓,34.620389,134.151822,28,70,33212087002
512,瀬戸内市,牛窓町牛窓,34.617774,134.151515,20,31,33212087003
513,瀬戸内市,牛窓町牛窓,34.618380,134.155875,145,341,33212087004
514,瀬戸内市,牛窓町牛窓,34.618817,134.162753,112,245,33212087005
515,瀬戸内市,牛窓町牛窓,34.615816,134.165328,74,158,33212087006
516,瀬戸内市,牛窓町牛窓,34.614328,134.167425,47,89,33212087007
517,瀬戸内市,牛窓町牛窓,34.614318,134.169116,34,66,33212087008
518,瀬戸内市,牛窓町牛窓,34.617524,134.171176,92,206,33212087009
519,瀬戸内市,牛窓町牛窓,34.618546,134.168405,58,161,33212087010
520,瀬戸内市,牛窓町牛窓,34.624843,134.173686,27,82,33212087011
521,瀬戸内市,牛窓町牛窓,34.630712,134.160683,53,139,33212087012
522,瀬戸内市,牛窓町牛窓,34.607241,134.184805,60,118,33212087013
523,瀬戸内市,牛窓町牛窓,34.626839,134.161292,38,87,33212087014
524,瀬戸内市,牛窓町牛窓,34.635760,134.155951,0,0,33212087015
525,瀬戸内市,牛窓町鹿忍,34.612214,134.140424,90,186,33212088001
526,瀬戸内市,牛窓町鹿忍,34.619270,134.140654,69,163,33212088002
527,瀬戸内市,牛窓町鹿忍,34.619592,134.137134,50,102,33212088003
528,瀬戸内市,牛窓町鹿忍,34.621696,134.134224,31,71,33212088004
529,瀬戸内市,牛窓町鹿忍,34.616538,134.130456,37,92,33212088006
530,瀬戸内市,牛窓町鹿忍,34.616082,134.134527,54,80,33212088007
531,瀬戸内市,牛窓町鹿忍,34.618652,134.128215,54,143,33212088008
532,瀬戸内市,牛窓町鹿忍,34.622633,134.125901,67,165,33212088009
533,瀬戸内市,牛窓町鹿忍,34.628445,134.120509,37,82,33212088010
534,瀬戸内市,牛窓町鹿忍,34.602627,134.124609,93,221,33212088011
535,瀬戸内市,牛窓町鹿忍,34.590191,134.115507,22,68,33212088012
536,瀬戸内市,牛窓町長浜,34.645063,134.138178,56,127,33212089002
537,瀬戸内市,牛窓町長浜,34.643421,134.134409,32,82,33212089003
538,瀬戸内市,牛窓町長浜,34.641369,134.136978,50,123,33212089004
539,瀬戸内市,牛窓町長浜,34.640512,134.132044,76,193,33212089005
540,瀬戸内市,牛窓町長浜,34.636800,134.128269,31,87,33212089006
541,瀬戸内市,牛窓町長浜,34.632826,134.132102,69,147,33212089007
542,瀬戸内市,牛窓町長浜,34.628489,134.135432,56,137,33212089008
543,瀬戸内市,牛窓町長浜,34.629869,134.139137,20,41,33212089009
544,瀬戸内市,牛窓町長浜,34.635678,134.141334,0,0,33212089010
545,瀬戸内市,牛窓町長浜,34.650298,134.133527,25,59,33212089011
546,瀬戸内市,牛窓町長浜,34.629274,134.131913,60,163,33212089012
547,瀬戸内市,牛窓町長浜,34.637500,134.133883,4,138,33212089013
548,瀬戸内市,邑久町大窪大窪,34.661244,134.083564,62,150,33212042042
549,瀬戸内市,邑久町大富大富川田，北堀，橋本，,34.663114,134.067059,78,200,33212024024
550,瀬戸内市,邑久町大富下田中，上沖田,34.662783,134.074145,101,255,33212024026
551,瀬戸内市,邑久町尾張駅前,34.666163,134.090409,103,311,33212001001
552,瀬戸内市,邑久町尾張中村西の北，中村東の一部,34.664695,134.094207,151,410,33212001002
553,瀬戸内市,邑久町尾張保止，中村東の一部南,34.661087,134.100221,130,348,33212001004
554,瀬戸内市,邑久町尾張船輪,34.660469,134.095279,84,263,33212001005
555,瀬戸内市,邑久町尾張田中，中村東の一部,34.662164,134.094593,38,92,33212001006
556,瀬戸内市,邑久町尾張千町,34.659838,134.107466,23,68,33212001007
557,瀬戸内市,邑久町上笠加片山,34.685475,134.094488,12,30,33212062063
558,瀬戸内市,邑久町上山田石堂，出,34.636207,134.110695,29,89,33212052052
559,瀬戸内市,邑久町北島仁生田,34.651339,134.076369,93,254,33212032032
560,瀬戸内市,邑久町北島西谷西，西谷東,34.650709,134.063605,45,115,33212032033
561,瀬戸内市,邑久町北島上寺東,34.654707,134.065866,93,246,33212032039
562,瀬戸内市,邑久町下笠加下笠加下，南，東,34.677920,134.093073,85,186,33212064065
563,瀬戸内市,邑久町下山田内沼，第二夢二苑，北浦,34.652667,134.111240,49,142,33212056057
564,瀬戸内市,邑久町下山田大向，後坂,34.645105,134.115126,23,60,33212056060
565,瀬戸内市,邑久町庄田渡内，高助,34.665482,134.158859,18,39,33212077078
566,瀬戸内市,邑久町尻海敷井,34.657556,134.180354,45,87,33212069069
567,瀬戸内市,邑久町尻海錦海，大東,34.649238,134.168894,29,59,33212069070
568,瀬戸内市,邑久町尻海中東，大東,34.644889,134.164459,33,61,33212069071
569,瀬戸内市,邑久町尻海中東,34.650898,134.162934,38,74,33212069072
570,瀬戸内市,邑久町尻海市場,34.657503,134.159118,37,88,33212069073
571,瀬戸内市,邑久町尻海西部,34.651853,134.155467,24,52,33212069074
572,瀬戸内市,邑久町尻海西部西,34.644987,134.153470,23,59,33212069075
573,瀬戸内市,邑久町尻海敷井,34.655788,134.182552,1,48,33212069079
574,瀬戸内市,邑久町豊原大橋，大賀島,34.640956,134.087330,30,76,33212038038
575,瀬戸内市,邑久町豊原福原，円張西，下川,34.645874,134.093785,53,137,33212038039
576,瀬戸内市,邑久町豊原北川，奥庄，円張東，中谷,34.647539,134.100438,31,74,33212038040
577,瀬戸内市,邑久町豊原潤徳下,34.656068,134.087294,60,182,33212038042
578,瀬戸内市,邑久町豊原中井，中電,34.663343,134.088888,98,268,33212038043
579,瀬戸内市,邑久町豊安豊安上,34.662437,134.091474,24,61,33212013013
580,瀬戸内市,邑久町福谷鍜治谷,34.679564,134.184462,44,118,33212081081
581,瀬戸内市,邑久町福谷中倉,34.678385,134.190191,26,54,33212081082
582,瀬戸内市,邑久町福谷間口，前泊,34.669753,134.203601,24,54,33212081084
583,瀬戸内市,邑久町福谷知尾,34.664895,134.187630,28,71,33212081085
584,瀬戸内市,邑久町福中山浦西,34.674716,134.075702,22,38,33212021022
585,瀬戸内市,邑久町福中山浦東,34.673153,134.078729,32,88,33212021023
586,瀬戸内市,邑久町福元福元西,34.676144,134.081014,39,96,33212018018
587,瀬戸内市,邑久町福元福元東,34.674171,134.086214,93,264,33212018019
588,瀬戸内市,邑久町福元,34.669506,134.086961,76,177,33212018024
589,瀬戸内市,邑久町福元,34.670610,134.087809,70,173,33212018025
590,瀬戸内市,邑久町福元,34.669798,134.085457,65,181,33212018026
591,瀬戸内市,邑久町福元,34.671639,134.086813,71,173,33212018027
592,瀬戸内市,邑久町福山台，宮畑，渡場,34.668000,134.063647,45,113,33212028028
593,瀬戸内市,邑久町本庄横尾西庄，尾ノ村,34.647601,134.120127,33,81,33212045045
594,瀬戸内市,邑久町本庄藤峠，東谷,34.654087,134.123333,52,155,33212045046
595,瀬戸内市,邑久町本庄石仏，大土井,34.660383,134.131900,40,96,33212045049
596,瀬戸内市,邑久町本庄土佐南，土佐北，水落,34.665238,134.122698,43,124,33212045050
597,瀬戸内市,邑久町豆田豆田北，南,34.688072,134.084054,42,128,33212015016
598,瀬戸内市,邑久町豆田四軒家,34.681779,134.084260,40,78,33212015017
599,瀬戸内市,邑久町向山谷，端,34.655620,134.074716,78,210,33212030030
600,瀬戸内市,邑久町山田庄福吉,34.666298,134.099409,72,183,33212010010
601,瀬戸内市,邑久町山田庄中庄西,34.674503,134.095764,99,222,33212010011
602,瀬戸内市,邑久町山田庄中庄西,34.670561,134.097253,81,232,33212010012
603,瀬戸内市,邑久町山田庄中庄西,34.670397,134.094024,63,89,33212010014
604,瀬戸内市,邑久町山田庄小物屋,34.674775,134.092208,149,392,33212010015
605,瀬戸内市,邑久町山田庄,34.672343,134.092157,21,49,33212010016
606,瀬戸内市,邑久町山田庄中庄東,34.672945,134.101586,48,117,33212010017
607,瀬戸内市,邑久町山田庄,34.676735,134.090633,55,152,33212010018
608,瀬戸内市,邑久町山田庄,34.676313,134.089035,73,198,33212010019
609,瀬戸内市,邑久町山田庄,34.675106,134.090618,59,142,33212010020
610,瀬戸内市,邑久町山田庄,34.671810,134.089536,105,242,33212010021
611,瀬戸内市,邑久町山田庄,34.671662,134.090772,48,103,33212010022
612,瀬戸内市,邑久町山田庄福吉,34.668498,134.094080,175,453,33212010023
613,瀬戸内市,邑久町山田庄,34.670968,134.091727,46,105,33212010024
614,瀬戸内市,邑久町山田庄,34.669783,134.090056,82,198,33212010025
615,瀬戸内市,邑久町山田庄,34.668871,134.089690,68,169,33212010026
616,瀬戸内市,邑久町山手真徳西，真徳東，亀ケ原,34.669514,134.114196,63,158,33212008009
617,瀬戸内市,長船町飯井島新田,34.693958,134.143547,54,139,33212099001
618,瀬戸内市,長船町飯井東谷,34.694572,134.152197,62,162,33212099003
619,瀬戸内市,長船町飯井,34.690298,134.156255,31,77,33212099004
620,瀬戸内市,長船町飯井,34.689990,134.147433,1,2,33212099006
621,瀬戸内市,長船町飯井,34.700215,134.150767,0,0,33212099007
622,瀬戸内市,長船町磯上,34.711085,134.126351,45,107,33212097001
623,瀬戸内市,長船町磯上,34.714312,134.136303,56,163,33212097002
624,瀬戸内市,長船町磯上,34.708632,134.134866,63,163,33212097003
625,瀬戸内市,長船町磯上,34.713257,134.147474,0,0,33212097006
626,瀬戸内市,長船町牛文,34.691763,134.134997,41,107,33212098004
627,瀬戸内市,長船町牛文,34.687945,134.128959,0,0,33212098005
628,瀬戸内市,長船町長船,34.725569,134.108965,47,122,33212091001
629,瀬戸内市,長船町長船,34.721992,134.102078,68,138,33212091003
630,瀬戸内市,長船町長船長船団地,34.719548,134.105059,187,503,33212091004
631,瀬戸内市,長船町長船,34.720375,134.108779,36,98,33212091005
632,瀬戸内市,長船町長船,34.716708,134.106845,146,308,33212091006
633,瀬戸内市,長船町長船,34.716177,134.102219,117,271,33212091008
634,瀬戸内市,長船町長船,34.717425,134.101557,0,0,33212091009
635,瀬戸内市,長船町西須恵,34.673616,134.125914,58,142,33212101005
636,瀬戸内市,長船町西須恵,34.672372,134.134985,0,0,33212101006
637,瀬戸内市,長船町西須恵,34.679911,134.126199,1,4,33212101007
638,瀬戸内市,長船町土師,34.700092,134.101472,76,185,33212095002
639,瀬戸内市,長船町土師門前,34.694834,134.101225,62,123,33212095003
640,瀬戸内市,長船町土師中生路,34.697537,134.102501,95,253,33212095004
641,瀬戸内市,長船町土師盛崎,34.699872,134.108737,44,114,33212095005
642,瀬戸内市,長船町土師,34.694673,134.109427,159,452,33212095006
643,瀬戸内市,長船町土師雇用促進住宅,34.696926,134.114449,72,102,33212095007
644,瀬戸内市,長船町土師,34.694465,134.117919,66,168,33212095008
645,瀬戸内市,長船町土師,34.687298,134.118567,0,0,33212095009
646,瀬戸内市,長船町服部,34.710706,134.108391,30,74,33212093001
647,瀬戸内市,長船町服部,34.708159,134.107646,48,152,33212093002
648,瀬戸内市,長船町服部,34.710723,134.105718,62,153,33212093003
649,瀬戸内市,長船町服部,34.712321,134.104087,46,302,33212093004
650,瀬戸内市,長船町服部,34.708653,134.102096,93,204,33212093006
651,瀬戸内市,長船町服部,34.705612,134.105384,63,184,33212093008
652,瀬戸内市,長船町服部富岡東の北部,34.704834,134.112845,173,470,33212093009
653,瀬戸内市,長船町服部,34.709482,134.110520,1,80,33212093010
654,瀬戸内市,長船町東須恵,34.686281,134.148884,30,65,33212100001
655,瀬戸内市,長船町東須恵,34.686520,134.141603,45,106,33212100003
656,瀬戸内市,長船町東須恵,34.681202,134.153341,0,0,33212100004
657,瀬戸内市,長船町東須恵,34.685393,134.137183,0,0,33212100005
658,瀬戸内市,長船町福岡福岡上,34.704771,134.093228,60,156,33212094001
659,瀬戸内市,長船町福岡福岡上,34.705054,134.089436,59,141,33212094002
660,瀬戸内市,長船町福岡福岡上,34.707113,134.093591,56,153,33212094003
661,瀬戸内市,長船町福岡,34.700424,134.095618,24,50,33212094005
662,瀬戸内市,長船町福岡,34.700052,134.096505,34,94,33212094006
663,瀬戸内市,長船町福岡,34.698048,134.095840,96,231,33212094008
664,瀬戸内市,長船町福岡,34.703159,134.094835,66,200,33212094009
665,瀬戸内市,長船町福岡市場,34.701569,134.091924,65,183,33212094011
666,瀬戸内市,長船町福岡,34.700375,134.088377,34,93,33212094012
667,瀬戸内市,長船町福岡,34.701252,134.087961,114,349,33212094013
668,瀬戸内市,長船町福里,34.697846,134.117735,45,137,33212096001
669,瀬戸内市,長船町福里福里東,34.700962,134.124059,117,369,33212096002
670,瀬戸内市,長船町福里福里団地,34.701577,134.117494,72,211,33212096005
671,瀬戸内市,長船町八日市芦田橋筋,34.714965,134.098637,48,155,33212092001
672,瀬戸内市,長船町八日市八日市上,34.712911,134.096093,19,41,33212092002
673,瀬戸内市,邑久町虫明間口,34.674921,134.207322,0,0,33212086085
674,瀬戸内市,邑久町虫明黒井白谷,34.697820,134.220257,8,15,33212086086
675,瀬戸内市,邑久町虫明布浜,34.711778,134.233439,14,34,33212086087
676,瀬戸内市,邑久町虫明新町,34.682629,134.203325,48,119,33212086088
677,瀬戸内市,邑久町虫明上町,34.686874,134.205444,74,152,33212086089
678,瀬戸内市,邑久町虫明瀬戸西,34.687494,134.210955,35,75,33212086090
679,瀬戸内市,邑久町虫明瀬戸東,34.687843,134.219206,88,170,33212086091
680,瀬戸内市,邑久町虫明浜西,34.683372,134.210712,34,82,33212086092
681,瀬戸内市,邑久町虫明浜東,34.681927,134.214944,34,85,33212086093
682,瀬戸内市,邑久町虫明瀬溝,34.678941,134.217270,74,151,33212086094
683,瀬戸内市,邑久町虫明田辺里,34.677949,134.210122,37,86,33212086095
684,瀬戸内市,邑久町虫明,34.674806,134.232367,27,39,33212086096
685,瀬戸内市,邑久町虫明,34.670452,134.224697,63,121,33212086097
686,瀬戸内市,邑久町虫明,34.680220,134.259795,52,71,33212086098
